"FUND_ID","FUND_NAME","CORRESPONDENCE_NAME"
40000005,"Suncorp Cash Fund Pen","Suncorp Cash Fund"
40000004,"Suncorp Cash Fund Sup","Suncorp Cash Fund"
41000013,"UBS Proceeds","UBS Proceeds"
40000048,"Suncorp Super Term Deposit","Suncorp Super Term Deposit"
41000011,"Suncorp Australian Shares Multi-Manager Fund - AA","Suncorp Australian Shares Multi-Manager Fund"
41000009,"Suncorp Int'l Shares Multi-Manager Fund - AA","Suncorp International Shares Multi-Manager Fund"
41000003,"Suncorp Australian Listed Property Index Fund - AA","Suncorp Australian Listed Property Index Fund"
41000012,"Suncorp Australian Shares Value Fund - AA","Suncorp Australian Shares Value Fund"
41000007,"Suncorp Traditional Growth Fund - AA","Suncorp Traditional Growth Fund"
41000005,"Suncorp Traditional Balanced Fund - AA","Suncorp Traditional Balanced Fund"
41000002,"Suncorp Traditional Conservative Fund - AA","Suncorp Traditional Conservative Fund"
41000008,"Suncorp Guaranteed Cash Fund - AA","Suncorp Guaranteed Cash Fund"
41000004,"Suncorp Australian Fixed Interest Fund - AA","Suncorp Australian Fixed Interest Fund"
41000118,"SBC - Mat 2018 Non-Commutable","SBC - Mat 2018 Non-Commutable"
41000104,"Lifetime Holding Account","Lifetime Holding Account"
41000127,"SAFA - Series 14","SAFA - Series 14"
41000119,"SBC - Mat 2019 Non-Commutable","SBC - Mat 2019 Non-Commutable"
41000124,"SBC - Mat 2024 Non-Commutable","SBC - Mat 2024 Non-Commutable"
41000122,"SBC - Mat 2022 Non-Commutable","SBC - Mat 2022 Non-Commutable"
41000133,"SBC - Mat 2016 Non-Commutable","SBC - Mat 2016 Non-Commutable"
41000081,"DIY LifeTime - Series 15","DIY LifeTime - Series 15"
41000108,"SAFA - Series 19","SAFA - Series 19"
41000113,"SBC - Mat 2020","SBC - Mat 2020"
41000129,"SBC - Mat 2016","SBC - Mat 2016"
41000126,"SBC - Series 16 Non-Commutable","SBC - Series 16 Non-Commutable"
41000097,"LifeTime - Series 14","LifeTime - Series 14"
41000128,"SAFA - Series 15","SAFA - Series 15"
41000130,"SBC - Mat 2012 Non-Commutable","SBC - Mat 2012 Non-Commutable"
41000099,"LifeTime - Series 16","LifeTime - Series 16"
41000092,"LifeTime - Series 9","LifeTime - Series 9"
41000110,"SBC - Mat 2017","SBC - Mat 2017"
41000115,"SBC - Mat 2022","SBC - Mat 2022"
41000077,"DIY LifeTime - Series 11","DIY LifeTime - Series 11"
41000117,"SBC - Mat 2017 Non-Commutable","SBC - Mat 2017 Non-Commutable"
41000180,"Lifetime Growth Asset","Lifetime Option Growth Asset"
41000107,"SAFA - Series 18","SAFA - Series 18"
41000123,"SBC - Mat 2023 Non-Commutable","SBC - Mat 2023 Non-Commutable"
41000120,"SBC - Mat 2020 Non-Commutable","SBC - Mat 2020 Non-Commutable"
41000134,"SBC - Series 10 Non-Commutable","SBC - Series 10 Non-Commutable"
41000084,"LifeTime - Series 1","LifeTime - Series 1"
41000080,"DIY LifeTime - Series 14","DIY LifeTime - Series 14"
41000106,"SAFA - Series 17","SAFA - Series 17"
41000096,"LifeTime - Series 13","LifeTime - Series 13"
41000082,"DIY LifeTime - Series 16","DIY LifeTime - Series 16"
41000109,"SBC - Mat 2009","SBC - Mat 2009"
41000112,"SBC - Mat 2019","SBC - Mat 2019"
41000086,"LifeTime - Series 3","LifeTime - Series 3"
41000105,"SAFA - Series 16","SAFA - Series 16"
41000078,"DIY LifeTime - Series 12","DIY LifeTime - Series 12"
41000121,"SBC - Mat 2021 Non-Commutable","SBC - Mat 2021 Non-Commutable"
41000091,"LifeTime - Series 8","LifeTime - Series 8"
41000111,"SBC - Mat 2018","SBC - Mat 2018"
41000079,"DIY LifeTime - Series 13","DIY LifeTime - Series 13"
41000103,"Lifetime Free Assets","Lifetime Free Assets"
41000075,"DIY LifeTime - Series 3","DIY LifeTime - Series 3"
41000093,"LifeTime - Series 10","LifeTime - Series 10"
41000089,"LifeTime - Series 6","LifeTime - Series 6"
41000131,"SBC - Mat 2013 Non-Commutable","SBC - Mat 2013 Non-Commutable"
41000132,"SBC - Mat 2015 Non-Commutable","SBC - Mat 2015 Non-Commutable"
41000071,"DIY LifeTime - Series 8","DIY LifeTime - Series 8"
41000085,"LifeTime - Series 2","LifeTime - Series 2"
41000076,"DIY LifeTime - Series 10","DIY LifeTime - Series 10"
41000116,"SBC - Mat 2023","SBC - Mat 2023"
41000098,"LifeTime - Series 15","LifeTime - Series 15"
41000073,"DIY LifeTime - Series 6","DIY LifeTime - Series 6"
41000094,"LifeTime - Series 11","LifeTime - Series 11"
41000125,"SBC - Series 15 Non-Commutable","SBC - Series 15 Non-Commutable"
41000074,"DIY LifeTime - Series 5","DIY LifeTime - Series 5"
41000090,"LifeTime - Series 7","LifeTime - Series 7"
41000072,"DIY LifeTime - Series 7","DIY LifeTime - Series 7"
41000095,"LifeTime - Series 12","LifeTime - Series 12"
41000102,"LifeTime Free Asset","LifeTime Free Asset"
41000087,"LifeTime - Series 4","LifeTime - Series 4"
41000088,"LifeTime - Series 5","LifeTime - Series 5"
41000083,"CPI Holding Account","CPI Holding Account"
41000114,"SBC - Mat 2021","SBC - Mat 2021"
41000010,"DIY LifeTime - Series 9","DIY LifeTime - Series 9"
41000101,"LifeTime - Series 18","LifeTime - Series 18"
41000100,"LifeTime - Series 17","LifeTime - Series 17"
41000006,"Pension Payment Funding","Pension Payment Funding"
41000174,"(Composer) Suncorp International Shares Fund","Suncorp International Shares Fund"
41000166,"(Composer) Suncorp Cash Fund","Suncorp Cash Fund"
41000147,"(Composer) Suncorp Lifestage Fund 1975 - 1979","Suncorp Lifestage Fund 1975 - 1979"
41000175,"(Composer) Suncorp Lifestage Fund 1960-1964","Suncorp Lifestage Fund 1960-1964"
41000146,"(Composer) Suncorp Insurance Recovery Portfolio","Suncorp Insurance Recovery Portfolio"
41000144,"(Composer) Everyday Super Term Deposit - 6 months","Everyday Super Term Deposit - 6 months"
41000162,"(Composer) Suncorp Lifestage Fund 1995 - 1999","Suncorp Lifestage Fund 1995 - 1999"
41000178,"(Composer) Suncorp Lifestage Fund to 1934","Suncorp Lifestage Fund to 1934"
41000151,"(Composer) Everyday Super Term Deposit - 1 year","Everyday Super Term Deposit - 1 year"
41000152,"(Composer) Suncorp Lifestage Fund 1945 - 1949","Suncorp Lifestage Fund 1945 - 1949"
41000139,"(Composer) Everyday Super Term Deposit - 3 years","Everyday Super Term Deposit - 3 years"
41000157,"(Composer) Suncorp Lifestage Fund 1960 - 1964","Suncorp Lifestage Fund 1960 - 1964"
41000168,"(Composer) Everyday Super Term Deposit - 5 years","Everyday Super Term Deposit - 5 years"
41000170,"(Composer) Everyday Super Term Deposit - 3 years","Everyday Super Term Deposit - 3 years"
41000150,"(Composer) Suncorp Lifestage Fund 1950 - 1954","Suncorp Lifestage Fund 1950 - 1954"
41000163,"(Composer) Suncorp Australian Shares Fund","Suncorp Australian Shares Fund"
41000153,"(Composer) Suncorp Property Fund","Suncorp Property Fund"
41000173,"(Composer) Suncorp Australian Shares Fund","Suncorp Australian Shares Fund"
41000143,"(Composer) Suncorp Lifestage Fund 1950-1954","Suncorp Lifestage Fund 1950-1954"
41000172,"(Composer) Suncorp Lifestage Fund 1980 - 1984","Suncorp Lifestage Fund 1980 - 1984"
41000145,"(Composer) Everyday Super Term Deposit - 6 months","Everyday Super Term Deposit - 6 months"
41000177,"(Composer) Suncorp Lifestage Fund 1965 - 1969","Suncorp Lifestage Fund 1965 - 1969"
41000142,"(Composer) Suncorp Lifestage Fund 1935 - 1939","Suncorp Lifestage Fund 1935 - 1939"
41000167,"(Composer) Suncorp Lifestage Fund 1970 - 1974","Suncorp Lifestage Fund 1970 - 1974"
41000140,"(Composer) Suncorp Lifestage Fund 1935-1939","Suncorp Lifestage Fund 1935-1939"
41000165,"(Composer) Suncorp Lifestage Fund to 1934","Suncorp Lifestage Fund to 1934"
41000156,"(Composer) Suncorp Lifestage Fund 1985 - 1989","Suncorp Lifestage Fund 1985 - 1989"
41000179,"(Composer) Suncorp Australian Fixed Interest Fund","Suncorp Australian Fixed Interest Fund"
41000159,"(Composer) Everyday Super Term Deposit - 5 years","Everyday Super Term Deposit - 5 years"
41000169,"(Composer) Suncorp Lifestage Fund 1955-1959","Suncorp Lifestage Fund 1955-1959"
41000160,"(Composer) Suncorp Cash Fund","Suncorp Cash Fund"
41000158,"(Composer) Suncorp Lifestage Fund 1940-1944","Suncorp Lifestage Fund 1940-1944"
41000171,"(Composer) Suncorp Lifestage Fund 1940 - 1944","Suncorp Lifestage Fund 1940 - 1944"
41000154,"(Composer) Suncorp Lifestage Fund 1990 - 1994","Suncorp Lifestage Fund 1990 - 1994"
41000155,"(Composer) Suncorp Australian Fixed Interest Fund","Suncorp Australian Fixed Interest Fund"
41000141,"(Composer) Everyday Super Term Deposit - 1 year","Everyday Super Term Deposit - 1 year"
41000164,"(Composer) Suncorp Lifestage Fund 2000 - 2004","Suncorp Lifestage Fund 2000 - 2004"
41000149,"(Composer) Suncorp International Shares Fund","Suncorp International Shares Fund"
41000161,"(Composer) Suncorp Lifestage Fund 1955 - 1959","Suncorp Lifestage Fund 1955 - 1959"
41000176,"(Composer) Suncorp Lifestage Fund 1945-1949","Suncorp Lifestage Fund 1945-1949"
41000148,"(Composer) Suncorp Property Fund","Suncorp Property Fund"
40000301,"Dummy IM for Historical Transactions","Historical Investment Manager"
40000130,"Suncorp Australian Shares Value Fund Pen","Suncorp Australian Shares Value Fund"
40000115,"Ausbil Australian Active Equity Fund Sup","Ausbil Australian Active Equity Fund"
40000134,"CFS Global Credit Income Fund Pen","CFS Global Credit Income Fund"
40000170,"Ausbil Australian Emerging Leaders Fund Pen","Ausbil Australian Emerging Leaders Fund"
40000156,"Morningstar Moderate Fund Sup","Morningstar Moderate Fund"
40000093,"GS Epoch Global EQT Shareholder Yield (Uhgd) Sup","Grant Samuel Epoch Global Equity Shareholder Yield (Unhedged) Fund"
40000118,"Ironbark Paladin Property Securities Fund Sup","Ironbark Paladin Property Securities Fund"
40000175,"Suncorp Australian Shares Value Fund Sup","Suncorp Australian Shares Value Fund"
40000141,"BlackRock Global Allocation Fund Pen","BlackRock Global Allocation Fund"
40000095,"Macquarie Dynamic Bond Fund Pen","Macquarie Dynamic Bond Fund"
40000091,"Ironbark Karara Australian Shares Fund Pen","Ironbark Karara Australian Shares Fund"
40000101,"Lazard Global Infrastructure Securities Fund Pen","Lazard Global Infrastructure Securities Fund"
40000136,"Morningstar Balanced Fund Sup","Morningstar Balanced Fund"
40000111,"Morningstar High Growth Fund Pen","Morningstar High Growth Fund"
40000123,"Suncorp Australian Shares Multi-Manager Fund Pen","Suncorp Australian Shares Multi-Manager Fund"
40000200,"Suncorp Universal Balanced Fund Pen","Suncorp Universal Balanced Fund"
40000092,"Zurich Investments Equity Income Fund Pen","Zurich Investments Equity Income Fund"
40000155,"Ironbark Paladin Property Securities Fund Pen","Ironbark Paladin Property Securities Fund"
40000189,"Morningstar Growth Fund Sup","Morningstar Growth Fund"
40000182,"Lazard Global Infrastructure Securities Fund Sup","Lazard Global Infrastructure Securities Fund"
40000139,"Morningstar High Growth Fund Sup","Morningstar High Growth Fund"
40000098,"Ausbil Australian Emerging Leaders Fund Sup","Ausbil Australian Emerging Leaders Fund"
40000090,"Vanguard Int'l Fixed Interest Index Fund (Hgd) Sup","Vanguard International Fixed Interest Index Fund (Hedged)"
41000216,"Suncorp Global Fixed Interest Fund Sup","Suncorp Global Fixed Interest Fund"
40000100,"Suncorp Australian Shares Multi-Manager Fund Sup","Suncorp Australian Shares Multi-Manager Fund"
40000157,"Morningstar Growth Fund Pen","Morningstar Growth Fund"
40000135,"Morningstar Conservative Fund Pen","Morningstar Conservative Fund"
40000096,"Suncorp Universal Growth Fund Pen","Suncorp Universal Growth Fund"
40000089,"GS Epoch Global EQT Shareholder Yield (Uhgd) Pen","Grant Samuel Epoch Global Equity Shareholder Yield (Unhedged) Fund"
40000113,"Ironbark Karara Australian Shares Fund Sup","Ironbark Karara Australian Shares Fund"
40000112,"Suncorp Universal Balanced Fund Sup","Suncorp Universal Balanced Fund"
40000149,"Perpetual Wholesale Ethical SRI Fund Pen","Perpetual Wholesale Ethical SRI Fund"
40000103,"Suncorp International Shares Index Fund Sup","Suncorp International Shares Index Fund"
40000220,"Suncorp Guaranteed Cash Fund Sup","Suncorp Guaranteed Cash Fund"
40000104,"Perpetual Wholesale Geared Aust Share Fund Sup","Perpetual Wholesale Geared Aust Share Fund"
40000107,"Suncorp Int'l Shares Multi-Manager Fund Pen","Suncorp International Shares Multi-Manager Fund"
40000138,"Suncorp Universal Conservative Fund Pen","Suncorp Universal Conservative Fund"
40000153,"Perpetual Wholesale SHARE-PLUS Long-Short Fund Sup","Perpetual Wholesale SHARE-PLUS Long-Short Fund"
40000102,"Morningstar Balanced Fund Pen","Morningstar Balanced Fund"
40000205,"Suncorp Multi-Manager High Growth Fund Pen","Suncorp Multi-Manager High Growth Fund"
40000167,"Perpetual Wholesale Ethical SRI Fund Sup","Perpetual Wholesale Ethical SRI Fund"
40000161,"Suncorp Australian Listed Property Index Fund Pen","Suncorp Australian Listed Property Index Fund"
40000132,"Fidelity Australian Equities Fund Pen","Fidelity Australian Equities Fund"
40000116,"Investors Mutual All Industrials Share Fund Sup","Investors Mutual All Industrials Share Fund"
40000148,"Vanguard Int'l Fixed Interest Index Fund (Hgd) Pen","Vanguard International Fixed Interest Index Fund (Hedged)"
40000137,"Perpetual Wholesale Industrial Fund Pen","Perpetual Wholesale Industrial Fund"
41000217,"Suncorp Global Fixed Interest Fund Pen","Suncorp Global Fixed Interest Fund"
40000160,"Suncorp Australian Shares Index Fund Sup","Suncorp Australian Shares Index Fund"
40000172,"Investors Mutual All Industrials Share Fund Pen","Investors Mutual All Industrials Share Fund"
40000169,"Ausbil Australian Active Equity Fund Pen","Ausbil Australian Active Equity Fund"
40000201,"Platinum International Fund Sup","Platinum International Fund"
40000194,"Perpetual Wholesale Conservative Growth Fund Sup","Perpetual Wholesale Conservative Growth Fund"
40000088,"Nikko AM Australian Share Income Fund Pen","Nikko AM Australian Share Income Fund"
40000131,"Fidelity Australian Equities Fund Sup","Fidelity Australian Equities Fund"
40000105,"CFS Global Credit Income Fund Sup","CFS Global Credit Income Fund"
40000106,"Suncorp Universal Growth Fund Sup","Suncorp Universal Growth Fund"
40000187,"Suncorp International Shares Index Fund Pen","Suncorp International Shares Index Fund"
40000117,"Suncorp Int'l Listed Property Index Fund Sup","Suncorp International Property Securities Index Fund (Hedged)"
40000191,"Walter Scott Global Equity Fund Pen","Walter Scott Global Equity Fund"
40000188,"Vanguard Australian Fixed Interest Index Fund Sup","Vanguard Australian Fixed Interest Index Fund"
40000097,"Nikko AM Australian Share Income Fund Sup","Nikko AM Australian Share Income Fund"
40000212,"Suncorp Multi-Manager Balanced Fund Pen","Suncorp Multi-Manager Balanced Fund"
40000202,"Suncorp Multi-Manager Growth Fund Sup","Suncorp Multi-Manager Growth Fund"
40000099,"BlackRock Global Allocation Fund Sup","BlackRock Global Allocation Fund"
40000184,"Morningstar Conservative Fund Sup","Morningstar Conservative Fund"
40000186,"Perpetual Wholesale Diversified Growth Fund Sup","Perpetual Wholesale Diversified Growth Fund"
40000203,"Suncorp Multi-Manager Growth Fund Pen","Suncorp Multi-Manager Growth Fund"
40000127,"Perpetual Wholesale Geared Aust Share Fund Pen","Perpetual Wholesale Geared Aust Share Fund"
40000177,"Suncorp Global Property Index Fund Sup","Suncorp Global Property Index Fund"
40000146,"Lazard Global Small Cap Fund Pen","Lazard Global Small Cap Fund"
40000192,"Suncorp Global Property Index Fund Pen","Suncorp Global Property Index Fund"
40000143,"Suncorp Australian Fixed Interest Fund Pen","Suncorp Australian Fixed Interest Fund"
40000120,"Suncorp Australian Fixed Interest Fund Sup","Suncorp Australian Fixed Interest Fund"
40000164,"Hyperion Australian Growth Companies Fund Pen","Hyperion Australian Growth Companies Fund"
40000108,"Suncorp Australian Listed Property Index Fund Sup","Suncorp Australian Listed Property Index Fund"
40000110,"Macquarie Dynamic Bond Fund Sup","Macquarie Dynamic Bond Fund"
40000125,"Zurich Investments Equity Income Fund Sup","Zurich Investments Equity Income Fund"
40000159,"BT Wholesale Imputation Fund Sup","BT Wholesale Imputation Fund"
40000121,"Perpetual Wholesale Diversified Growth Fund Pen","Perpetual Wholesale Diversified Growth Fund"
40000168,"Vanguard Australian Fixed Interest Index Fund Pen","Vanguard Australian Fixed Interest Index Fund"
40000151,"Walter Scott Global Equity Fund Sup","Walter Scott Global Equity Fund"
40000133,"Suncorp Int'l Listed Property Index Fund Pen","Suncorp International Property Securities Index Fund (Hedged)"
40000173,"BT Wholesale Imputation Fund Pen","BT Wholesale Imputation Fund"
40000197,"Perpetual Wholesale Industrial Fund Sup","Perpetual Wholesale Industrial Fund"
40000128,"BlackRock Tactical Growth Fund Sup","BlackRock Tactical Growth Fund"
40000179,"Suncorp Australian Shares Index Fund Pen","Suncorp Australian Shares Index Fund"
40000150,"BlackRock Tactical Growth Fund Pen","BlackRock Tactical Growth Fund"
40000174,"Morningstar Moderate Fund Pen","Morningstar Moderate Fund"
40000195,"Hyperion Australian Growth Companies Fund Sup","Hyperion Australian Growth Companies Fund"
40000145,"Perpetual Wholesale Conservative Growth Fund Pen","Perpetual Wholesale Conservative Growth Fund"
40000154,"Platinum International Fund Pen","Platinum International Fund"
40000193,"Lazard Global Small Cap Fund Sup","Lazard Global Small Cap Fund"
40000140,"Suncorp Universal Conservative Fund Sup","Suncorp Universal Conservative Fund"
40000185,"Perpetual Wholesale SHARE-PLUS Long-Short Fund Pen","Perpetual Wholesale SHARE-PLUS Long-Short Fund"
40000171,"Suncorp Int'l Shares Multi-Manager Fund Sup","Suncorp International Shares Multi-Manager Fund"
40000204,"Suncorp Multi-Manager High Growth Fund Sup","Suncorp Multi-Manager High Growth Fund"
40000207,"APN Unlisted Property Fund Pen","APN Unlisted Property Fund"
40000217,"APN Unlisted Property Fund Sup","APN Unlisted Property Fund"
40000147,"CFS Global Resources Fund Pen","CFS Global Resources Fund"
40000206,"AMP Capital Wsale Australian Monthly Income Pen","AMP Capital Wholesale Australian Monthly Income Fund"
40000210,"CFS Wsale Imputation Fund Pen","CFS Wholesale Imputation Fund"
40000221,"CFS Wsale Imputation Fund Sup","CFS Wholesale Imputation Fund Fund"
40000216,"AMP Capital Wsale Australian Monthly Income Sup","AMP Capital Wholesale Australian Monthly Income Fund"
40000211,"Suncorp Guaranteed Cash Fund Pen","Suncorp Guaranteed Cash Fund"
40000222,"Suncorp Multi-Manager Balanced Fund Sup","Suncorp Multi-Manager Balanced Fund"
40000226,"CFS Wsale Property Securities Sup","CFS Wholesale Property Securities Fund"
40000209,"CFS Wsale Diversified Pen","CFS Wholesale Diversified Fund"
40000214,"Suncorp Multi-Manager Conservative Fund Pen","Suncorp Multi-Manager Conservative Fund"
40000225,"Suncorp Multi-Manager Conservative Fund Sup","Suncorp Multi-Manager Conservative Fund"
40000208,"CFS Wsale Australian Shares Pen","CFS Wholesale Australian Shares Fund"
40000219,"CFS Wsale Australian Shares Sup","CFS Wholesale Australian Shares Fund"
40000176,"CFS Global Resources Fund Sup","CFS Global Resources Fund"
40000227,"CFS Wsale Property Securities Pen","CFS Wholesale Property Securities Fund"
40000218,"CFS Wsale Diversified Sup","CFS Wholesale Diversified Fund"
41000001,"Insurance Only","Insurance Only"
40000223,"Suncorp Traditional Capital Guaranteed Fund Sup","Suncorp Traditional Capital Guaranteed Fund"
40000213,"Suncorp Traditional Capital Guaranteed Fund Pen","Suncorp Traditional Capital Guaranteed Fund"
40000122,"Suncorp Lifestage Fund 1945 - 1949 Pen","Suncorp Lifestage Fund 1945 - 1949"
40000126,"Suncorp Lifestage Fund 1985 - 1989 Sup","Suncorp Lifestage Fund 1985 - 1989"
40000165,"Suncorp Lifestage Fund 1934 or earlier Pen","Suncorp Lifestage Fund 1934 or earlier"
40000114,"Suncorp Lifestage Fund 1960 - 1964 Sup","Suncorp Lifestage Fund 1960 - 1964"
40000178,"Suncorp Lifestage Fund 1940 - 1944 Pen","Suncorp Lifestage Fund 1940 - 1944"
40000162,"Suncorp Lifestage Fund 1975 - 1979 Sup","Suncorp Lifestage Fund 1975 - 1979"
40000158,"Suncorp Lifestage Fund 1960 - 1964 Pen","Suncorp Lifestage Fund 1960 - 1964"
40000199,"Suncorp Lifestage Fund 1955 - 1959 Pen","Suncorp Lifestage Fund 1955 - 1959"
40000180,"Suncorp Lifestage Fund 2000 - 2004 Sup","Suncorp Lifestage Fund 2000 - 2004"
40000144,"Suncorp Lifestage Fund 1935 - 1939 Pen","Suncorp Lifestage Fund 1935 - 1939"
40000196,"Suncorp Lifestage Fund 1940 - 1944 Sup","Suncorp Lifestage Fund 1940 - 1944"
40000142,"Suncorp Lifestage Fund 1980 - 1984 Sup","Suncorp Lifestage Fund 1980 - 1984"
40000124,"Suncorp Lifestage Fund 1945 - 1949 Sup","Suncorp Lifestage Fund 1945 - 1949"
40000190,"Suncorp Lifestage Fund 1934 or earlier Sup","Suncorp Lifestage Fund 1934 or earlier"
40000181,"Suncorp Lifestage Fund 1955 - 1959 Sup","Suncorp Lifestage Fund 1955 - 1959"
40000119,"Suncorp Lifestage Fund 1995 - 1999 Sup","Suncorp Lifestage Fund 1995 - 1999"
40000198,"Suncorp Lifestage Fund 1950 - 1954 Pen","Suncorp Lifestage Fund 1950 - 1954"
40000109,"Suncorp Lifestage Fund 1970 - 1974 Sup","Suncorp Lifestage Fund 1970 - 1974"
40000094,"Suncorp Lifestage Fund 1950 - 1954 Sup","Suncorp Lifestage Fund 1950 - 1954"
40000183,"Suncorp Lifestage Fund 1965 - 1969 Sup","Suncorp Lifestage Fund 1965 - 1969"
40000152,"Suncorp Lifestage Fund 1935 - 1939 Sup","Suncorp Lifestage Fund 1935 - 1939"
40000129,"Suncorp Lifestage Fund 1990 - 1994 Sup","Suncorp Lifestage Fund 1990 - 1994"
40000017,"Trustee Minimum Cover - Life",""
40000027,"50c a Week - Life Cover Underwritten with TPD",""
40000032,"Factor x Salary - Life Cover Underwritten",""
40000034,"Future Years Service - Life Cover Underwritten",""
40000036,"Trustee Minimum Cover - Life Underwritten",""
40000046,"Fixed Auto Cover - Life (Grp Rates)",""
40000404,"50c a week - Auto Life Only Cover",""
40000405,"50c a Week - Life Only Cover Underwritten",""
40000426,"Trustee Minimum Cover - Life Only Connelly Temple",""
40000431,"Trustee Minimum Cover Life Only UW Connelly Temple",""
40000455,"Fixed Auto Cover - Life Only (Grp Rates) CT",""
40000459,"Factor x Salary Life Only Cover CT",""
40000463,"Factor x Salary - Life Cover UW CT",""
40000464,"Future Years Service Life Only Cover CT",""
40000468,"Future Years Service - Life Only Cover UW CT",""
40000469,"Individual Cover - Life Only Connelly Temple",""
40000473,"Voluntary Cover - Life Only Connelly Temple",""
40000479,"Fixed Sum Insured Life Cover SESP",""
40000480,"Fixed Sum Insured - Life Cover Underwritten SESP",""
40000482,"Factor x Salary Life Cover SESP",""
40000487,"Factor x Salary - Life Cover Underwritten SESP",""
40000492,"Future Years Service Life Cover SESP",""
40000497,"Future Years Service-Life Cover Underwritten SESP",""
40000499,"Auto Life Units Cover SESP",""
40000504,"Life Cover Units Underwritten SESP",""
40000068,"Lifestages - Automatic Death Cover",""
40000070,"Customised Death Cover",""
40000072,"Lifestages Underwritten Death Cover",""
40000260,"Individual Cover - Life",""
40000398,"Personal Voluntary Cover - Life",""
40000006,"50c a week - Auto Life Cover (Taken with TPD)",""
40000007,"Voluntary Cover - Life",""
40000011,"Fixed Sum Insured Life Cover",""
40000013,"Factor x Salary Life Cover",""
40000015,"Future Years Service Life Cover",""
41000069,"Fixed Sum Insured Life Cover UW Workforce",""
41000135,"Conoco Phillips Future Years Service Life Cover UW",""
40000653,"Personal Voluntary Cover - Life Only",""
40000590,"Voluntary Cover Life SESP",""
40000030,"Fixed Sum Insured Life Cover Underwritten",""
40000506,"Fixed Auto Cover - Life (Grp Rates) SESP",""
40000420,"Fixed Sum Insured Life Only Cover Connelly Temple",""
40000421,"Fixed Sum Insured - Life Only Cover UW CT",""
40000605,"50c a Week - Life Only Cover Underwritten CT",""
40000606,"Workforce Sum Insured Auto Cover Life",""
40000614,"Workforce Sum Insured UW Cover Life",""
40000616,"Fixed Sum Insured Life Cover MLC",""
40000619,"Fixed Sum Insured Life Cover MLC UW",""
40000626,"Voluntary Cover Life SESP Deferred",""
40000629,"Individual Cover - SESP Life",""
41000014,"Future Years Service from Employer Start Date Life",""
41000016,"Individual Cover - ex Promina Life",""
41000018,"Voluntary Cover - Life ex Promina",""
41000026,"10c a week - Auto Life Cover Promina",""
41000027,"10c a week - Underwritten Life Cover Promina",""
41000028,"UW FYS from Employer Start Date Life",""
41000030,"Conoco Phillips Future Years Service Life Cover",""
41000032,"Conoco Phillips Voluntary Cover - Life",""
41000034,"Future Years Service Tidewater Marine Life Cover",""
41000047,"AutoFuture Years Service Employer Start Life Cover",""
41000137,"Fixed Sum Insured Conoco Phillips Life Cover UW",""
41000181,"Voluntary Cover Life Promina",""
41000183,"Future Years Service-Life Cover Underwritten Prom",""
41000184,"Future Years Service Life Cover Prom",""
41000203,"Future Years Service UW Tidewater Marine Life",""
41000207,"Brighter Super - Generic Life",""
41000210,"Brighter Super Business - Generic Life",""
41000213,"SESP - Generic Life",""
41000051,"Future Years Service Employer Start- Life Cover UW",""
41000053,"Auto Future Years Service in Years Life Cover",""
41000057,"Future Years Service In Years- Life Cover UW",""
41000059,"Auto Future Years Service in Days Life Cover",""
41000063,"Future Years Service In Days- Life Cover UW",""
41000067,"Workforce Sum Insured UW Cover Life Personal",""
40000598,"50c a week - Auto Life Only Cover CTL",""
40000435,"50 Income Protection Auto Cover A65 L",""
40000436,"50 Income Protection Auto Cover Y02 L",""
40000437,"50 Income Protection Auto Cover Y05 L",""
40000530,"FSI Income Protection Underwritten Cover A65",""
40000531,"FSI Income Protection Underwritten Cover Y02",""
40000410,"FYS Income Protection Auto Cover Y05",""
40000411,"TMC Income Protection Auto Cover Y05",""
40000412,"Fixed Cover - Income Protection Y05",""
40000427,"TMC IP Auto Cover A65 Connelly Temple L",""
40000428,"TMC IP Auto Cover Y02 Connelly Temple L",""
40000429,"TMC IP Auto Cover Y05 Connelly Temple L",""
40000432,"FSI Income Protection AutoCoverA65 CT L",""
40000433,"FSI Income Protection AutoCoverY02 CT L",""
40000434,"FSI Income Protection AutoCoverY05 CT L",""
40000456,"Fixed Cover - Income Protection A65 CT L",""
40000457,"Fixed Cover - Income Protection Y02 CT L",""
40000458,"Fixed Cover - Income Protection Y05 CT L",""
40000460,"FxS Income Protection Auto Cover A65 CT L",""
40000461,"FxS Income Protection Auto Cover Y02 CT L",""
40000462,"FxS Income Protection Auto Cover Y05 CT L",""
40000465,"FYS Income Protection Auto Cover A65 CT L",""
40000466,"FYS Income Protection Auto Cover Y02 CT L",""
40000467,"FYS Income Protection Auto Cover Y05 CT L",""
40000470,"Individual Cover - Income Protection A65 CT L",""
40000471,"Individual Cover - Income Protection Y02 CT L",""
40000472,"Individual Cover - Income Protection Y05 CT L",""
40000474,"Voluntary Income Protection Cover A65 CT L",""
40000475,"Voluntary Income Protection Cover Y02 CT L",""
40000476,"Voluntary Income Protection Cover Y05 CT L",""
40000484,"FxS Income Protection Auto Cover A65 SESP",""
40000485,"FxS Income Protection Auto Cover Y02 SESP",""
40000489,"FSI Income Protection Auto Cover A65 SESP",""
40000490,"FSI Income Protection Auto Cover Y02 SESP",""
40000494,"FYS Income Protection Auto Cover A65 SESP",""
40000495,"FYS Income Protection Auto Cover Y02 SESP",""
40000230,"Voluntary Income Protection Cover Y02",""
40000251,"Fixed Cover - Income Protection A65",""
40000254,"Fixed Cover - Income Protection Y02",""
40000262,"Individual Cover - Income Protection A65",""
40000265,"Individual Cover - Income Protection Y02",""
40000406,"50 Income Protection Auto Cover Y05",""
40000407,"Voluntary Income Protection Cover Y05",""
40000332,"FxS Income Protection Auto Cover A65",""
40000335,"FxS Income Protection Auto Cover Y02",""
40000338,"FYS Income Protection Auto Cover A65",""
40000341,"FYS Income Protection Auto Cover Y02",""
40000344,"TMC Income Protection Auto Cover A65",""
40000347,"TMC Income Protection Auto Cover Y02",""
40000400,"Personal Voluntary Income Protection Cover A65",""
40000403,"Personal Voluntary Income Protection Cover Y02",""
40000010,"Voluntary Income Protection Cover A65",""
40000408,"FSI Income Protection Auto Cover Y05",""
40000409,"FxS Income Protection Auto Cover Y05",""
40000320,"50 Income Protection Auto Cover A65",""
40000323,"50 Income Protection Auto Cover Y02",""
40000326,"FSI Income Protection Auto Cover A65",""
40000329,"FSI Income Protection Auto Cover Y02",""
40000639,"Voluntary Income Protection SC Cover A65 CT L",""
40000640,"Voluntary Income Protection SC Cover Y02 CT L",""
40000641,"Voluntary Income Protection SC Cover Y05 CT L",""
40000651,"Personal Voluntary Super Contribution IP Cover Y05",""
40000654,"Personal Voluntary Income Protection Cover A65L",""
40000655,"Personal Voluntary Super Contribution IP CoverA65L",""
40000656,"Personal Voluntary Income Protection Cover Y02L",""
40000657,"Personal Voluntary Super Contribution IP CoverY02L",""
40000658,"Personal Voluntary Income Protection CoverY05L",""
40000572,"FYS Super Contribution IP Auto Cover Y05",""
40000573,"FYS Super Contribution IP Auto Cover A65 CTL",""
40000574,"FYS Super Contribution IP Auto Cover Y02 CTL",""
40000575,"FYS Super Contribution IP Auto Cover Y05 CTL",""
40000576,"Indiv Cover - Super Contribution IP Auto A65",""
40000577,"Indiv Cover - Super Contribution IP Auto Y02",""
40000578,"Indiv Cover - Super Contribution IP Auto Y05",""
40000579,"Indiv Cover - Super Contribution IP Auto A65 CTL",""
40000580,"Indiv Cover - Super Contribution IP Auto Y02 CTL",""
40000581,"Indiv Cover - Super Contribution IP Auto Y05 CTL",""
40000582,"TMC Super Contribution IP Auto Cover A65",""
40000583,"TMC Super Contribution IP Auto Cover Y02",""
40000584,"TMC Super Contribution IP Auto Cover Y05",""
40000585,"TMC Super Contribution IP Auto Cover A65 CTL",""
40000586,"TMC Super Contribution IP Auto Cover Y02 CTL",""
40000587,"TMC Super Contribution IP Auto Cover Y05 CTL",""
40000592,"FSI Income Protection Underwritten Cover A65 CTL",""
40000593,"FSI Income Protection Underwritten Cover Y02 CTL",""
40000594,"FSI Income Protection Underwritten Cover Y05 CTL",""
40000659,"Personal Voluntary Super Contribution IP CoverY05L",""
40000508,"Fixed Cover - Income Protection A65 SESP",""
40000509,"Fixed Cover - Income Protection Y02 SESP",""
40000510,"Personal Voluntary Super Contribution IP Cover Y02",""
40000511,"Personal Voluntary Super Contribution IP Cover A65",""
40000512,"50 Super Contribution IP Auto Cover A65",""
40000513,"50 Super Contribution IP Auto Cover Y02",""
40000514,"50 Super Contribution IP Auto Cover Y05",""
40000515,"50 Super Contribution IP Auto Cover A65 L",""
40000516,"50 Super Contribution IP Auto Cover Y02 L",""
40000517,"50 Super Contribution IP Auto Cover Y05 L",""
40000532,"FSI Income Protection Underwritten Cover Y05",""
40000533,"FSI Super Contribution IP UW Cover A65",""
40000534,"UW FSI Income Protection Auto Cover A65 SESP",""
40000535,"UW FSI Income Protection Auto Cover Y02 SESP",""
40000550,"FSI Super Contribution IP Auto Cover A65",""
40000551,"FSI Super Contribution IP Auto Cover Y02",""
40000552,"FSI Super Contribution IP Auto Cover Y05",""
40000553,"FSI Super Contribution IP UW Cover Y02",""
40000554,"FSI Super Contribution IP UW Cover Y05",""
40000555,"FSI Super Contribution IP Auto Cover A65 CTL",""
40000556,"FSI Super Contribution IP Auto Cover Y02 CTL",""
40000648,"Personal Voluntary Income Protection Cover Y05",""
40000557,"FSI Super Contribution IP Auto Cover Y05 CTL",""
40000558,"Fixed Cover - Super Contribution IP Auto Cover A65",""
40000559,"Fixed Cover - Super Contribution IP Auto Cover Y02",""
40000560,"Fixed Cover - Super Contribution IP Auto Cover Y05",""
40000561,"Fixed Super Contribution IP Auto Cover A65 CTL",""
40000562,"Fixed Super Contribution IP Auto Cover Y02 CTL",""
40000563,"Fixed Super Contribution IP Auto Cover Y05 CTL",""
40000564,"FxS Super Contribution IP Auto Cover A65",""
40000565,"FxS Super Contribution IP Auto Cover Y02",""
40000566,"FxS Super Contribution IP Auto Cover Y05",""
40000567,"FxS Super Contribution IP Auto Cover A65 CTL",""
40000568,"FxS Super Contribution IP Auto Cover Y02 CTL",""
40000569,"FxS Super Contribution IP Auto Cover Y05 CTL",""
40000570,"FYS Super Contribution IP Auto Cover A65",""
40000571,"FYS Super Contribution IP Auto Cover Y02",""
40000413,"Individual Cover - Income Protection Y05",""
40000603,"50 Super Contribution IP Auto Cover Y02 CTL",""
40000604,"50 Super Contribution IP Auto Cover Y05 CTL",""
40000618,"FSI Income Protection Auto Cover A62 MLC",""
40000621,"FSI Income Protection Auto Cover A62 MLC UW",""
40000633,"UW FSI Income Protection Reinstatement A65 SESP",""
40000634,"UW FSI Income Protection Reinstatement Y02 SESP",""
40000636,"Voluntary Income Protection SC Cover A65",""
40000637,"Voluntary Income Protection SC Cover Y02",""
40000638,"Voluntary Income Protection SC Cover Y05",""
41000020,"Voluntary Income Protection Cover A65 ex Promina",""
41000021,"Voluntary Income Protection Cover Y02 ex Promina",""
41000023,"Voluntary Income Protection SC Cover A65 exPromina",""
41000024,"Voluntary Income Protection SC Cover Y02 exPromina",""
41000036,"FYS IP Tidewater Marine Auto Cover Y02",""
41000205,"FYS IP Tidewater Marine UW Cover Y02",""
41000206,"FYS Income Protection UW Cover Y02 SESP",""
41000209,"Brighter Super - Generic IP",""
41000212,"Brighter Super Business - Generic IP",""
41000215,"SESP - Generic IP",""
41000049,"Auto FYS Employer Start IP Auto Cover Y02",""
41000050,"Auto FYS ES Super Contribution IP Auto Cover Y02",""
41000055,"Auto FYS in Years IP Auto Cover Y02",""
41000056,"Auto FYS In Years Super Cont IP Auto Cover Y02",""
41000061,"Auto FYS in Days IP Auto Cover Y02",""
41000062,"Auto FYS In Days Super Cont IP Auto Cover Y02",""
40000595,"FSI Super Contribution IP UW Cover A65 CLT",""
40000596,"FSI Super Contribution IP UW Cover Y02 CTL",""
40000597,"FSI Super Contribution IP UW Cover Y05 CTL",""
40000599,"50 Income Protection Auto Cover A65 CTL",""
40000600,"50 Income Protection Auto Cover Y02 CTL",""
40000601,"50 Income Protection Auto Cover Y05 CTL",""
40000602,"50 Super Contribution IP Auto Cover A65 CTL",""
40000016,"Future Years Service TPD Cover",""
40000018,"Trustee Minimum Cover - TPD",""
40000031,"Fixed Sum Insured TPD Cover Underwritten",""
40000033,"Factor x Salary - TPD Cover Underwritten",""
40000035,"Future Years Service - TPD Cover Underwritten",""
40000037,"Trustee Minimum Cover - TPD Underwritten",""
40000478,"Fixed Sum Insured TPD Cover SESP",""
40000481,"Fixed Sum Insured -  UW TPD Cover SESP",""
40000483,"Factor x Salary TPD Cover SESP",""
40000488,"Factor x Salary - TPD Cover Underwritten SESP",""
40000493,"Future Years Service TPD Cover SESP",""
40000498,"Future Years Service - TPD Cover Underwritten SESP",""
40000047,"Fixed Cover - TPD",""
40000069,"Lifestages - Automatic TPD Cover",""
40000071,"Customised TPD Cover",""
40000073,"Lifestages Underwritten TPD Cover",""
40000261,"Individual Cover - TPD",""
40000399,"Personal Voluntary Cover - TPD",""
40000008,"50c a week - Auto TPD Cover (Taken with Dth)",""
40000009,"Voluntary TPD Cover",""
40000012,"Fixed Sum Insured TPD Cover",""
40000014,"Factor x Salary TPD Cover",""
41000068,"Workforce Sum Insured UW Cover TPD Personal",""
41000070,"Fixed Sum Insured TPD Cover UW Workforce",""
41000136,"Conoco Phillips Future Years Service TPD Cover UW",""
40000591,"Voluntary TPD Cover SESP",""
40000028,"50C a Week - TPD Cover Underwritten with Dth",""
40000507,"Fixed Cover - TPD SESP",""
40000607,"Workforce Sum Insured Auto Cover TPD",""
40000615,"Workforce Sum Insured UW Cover TPD",""
40000617,"Fixed Sum Insured TPD Cover MLC",""
40000620,"Fixed Sum Insured TPD Cover MLC UW",""
40000627,"Voluntary TPD Cover SESP Deferred",""
40000630,"Individual Cover - SESP TPD",""
41000015,"Future Years Service from Employer Start Date TPD",""
41000017,"Individual Cover ex Promina TPD",""
41000019,"Voluntary TPD Cover exPromina",""
41000029,"UW FYS from Employer Start Date TPD",""
41000031,"Conoco Phillips Future Years Service TPD Cover",""
41000033,"Conoco Phillips Voluntary TPD Cover",""
41000035,"Future Years Service Tidewater Marine TPD Cover",""
41000048,"Auto Future Years Service Employer Start TPD Cover",""
41000138,"Fixed Sum Insured TPD Cover Conoco Phillips UW",""
41000182,"Voluntary TPD Cover Promina",""
41000185,"Future Years Service - TPD Cover Underwritten Prom",""
41000186,"Future Years Service TPD Cover Prom",""
41000204,"Future Years Service UW Tidewater Marine TPD Cover",""
41000208,"Brighter Super - Generic TPD",""
41000211,"Brighter Super Business - Generic TPD",""
41000214,"SESP - Generic TPD",""
41000052,"Future Years Service Employer Start- TPD Cover UW",""
41000054,"Auto Future Years Service In Years TPD Cover",""
41000058,"Future Years Service In Years- TPD Cover UW",""
41000060,"Auto Future Years Service In Days TPD Cover",""
41000064,"Future Years Service In Days- TPD Cover UW",""
