<?xml version="1.0" encoding="UTF-8"?>
<included>
    <jmxConfigurator/>

    <conversionRule conversionWord="clr" converterClass="org.springframework.boot.logging.logback.ColorConverter" />
    <statusListener class="ch.qos.logback.core.status.OnConsoleStatusListener" />

    <springProperty scope="context" name="app" source="spring.application.name"/>
    <springProperty scope="context" name="env" source="info.env"/>
    <property name="logPath" value="logs"/>
    <property name="logFile" value="service"/>
    <property name="logPattern" value="%d [%thread] %level APP=%property{app} | ENV=%property{env} | %logger{35} - %msg%n" />
    
    <property name="fileLogPatternPrefix" value="%d [%thread] %level APP=%property{app} | ENV=%property{env} | CORRELATION_ID=%X{correlationID} | TRACE_ID=%X{X-B3-TraceId} | SPAN_ID=%X{X-B3-SpanId} | CLIENT_ID=%X{clientID} | CLIENT_VERSION=%X{clientVersion}" />
    <property name="fileLogPatternSuffix" value="%logger{35} - %msg%n" />

    <if condition='isDefined("fileLogPatternExtraHeaders")'>
        <then>
            <property name="fileLogPattern" value="${fileLogPattern:-${fileLogPatternPrefix} | ${fileLogPatternExtraHeaders} | ${fileLogPatternSuffix}}" />
        </then>
        <else>
            <property name="fileLogPattern" value="${fileLogPattern:-${fileLogPatternPrefix} | ${fileLogPatternSuffix}}" />
        </else>
    </if>

    <!-- Log all level messages -->
    <appender name="service" class="ch.qos.logback.core.rolling.RollingFileAppender">
        <file>${logPath}/${logFile}.log</file>
        <rollingPolicy class="ch.qos.logback.core.rolling.TimeBasedRollingPolicy">
            <fileNamePattern>${logPath}/${logFile}-%d{yyyy-MM-dd}.log.gz</fileNamePattern>
            <maxHistory>30</maxHistory>
        </rollingPolicy>
        <encoder class="ch.qos.logback.classic.encoder.PatternLayoutEncoder">
            <pattern>${logPattern}</pattern>
        </encoder>
    </appender>

    <appender name="console" class="ch.qos.logback.core.ConsoleAppender">
        <encoder class="ch.qos.logback.classic.encoder.PatternLayoutEncoder">
            <pattern>${logPattern}</pattern>
        </encoder>
    </appender>

    <!-- Turn off everything we don't want to see -->
    <logger name="org" level="ERROR"/>
    <logger name="net" level="ERROR"/>
    <logger name="httpclient" level="ERROR"/>

    <!-- Turn on everything we do want to see -->
    <logger name="au.com.suncorp" level="INFO"/>
    <logger name="org.springframework.boot.context.embedded.tomcat.TomcatEmbeddedServletContainer" level="INFO"/>
    <logger name="org.springframework.web.client.RestTemplate" level="INFO"/>

    <!-- The application logging level -->
    <logger name="au.com.suncorp.wealth.api" level="INFO" />
    <logger name="org.springframework" level="INFO"/>


    <root>
        <level value="INFO"/>

        <appender-ref ref="service"/>
    </root>
</included>