{
    "provider": {
        "name": "accounts_provider"
    },
    "consumer": {
        "name": "accounts_consumer"
    },
    "interactions": [
        {
            "description": "GET /accounts/{accountNumber} ",
            "request": {
                "method": "GET",
                "path": "/wealth/v1/accounts/900000001",
                "headers": {
                    "Authorization": "tt",
                    "X-Entitlement-Info": "tt",
                    "Accept": "application/vnd.api+json",
                    "X-Request-Id": "Authorization",
                    "X-API-Version": "1.0"
                }
            },
            "response": {
                "status": 200,
                "headers": {
                    "Content-Type": "application/vnd.api+json;charset=UTF-8"
                },
                "body": {
                    "data": {
                        "relationships": {
                            "owners": {
                                "data": {
                                    "id": "100009656",
                                    "type": "clients"
                                }
                            },
                            "products": {
                                "data": {
                                    "id": "40000026",
                                    "type": "products"
                                },
                                "links": {
                                    "related": "http://localhost:10080/wealth-accounts-service/wealth/v1/accounts/900000001/products"
                                }
                            }
                        },
                        "attributes": {
                            "accountStatus": "Active",
                            "bpayCustomerRefNumber": "9000000019",
                            "billerCodes": [
                                {
                                    "bpayContributionType": "string",
                                    "billerCode": "string"
                                },
                                {
                                    "bpayContributionType": "string",
                                    "billerCode": "string"
                                },
                                {
                                    "bpayContributionType": "string",
                                    "billerCode": "string"
                                },
                                {
                                    "bpayContributionType": "string",
                                    "billerCode": "string"
                                },
                                {
                                    "bpayContributionType": "string",
                                    "billerCode": "string"
                                }
                            ],
                            "accountBalance": {
                                "amount": 0,
                                "currency": "AUD"
                            },
                            "startDate": "2016-06-17"
                        },
                        "id": "900000001",
                        "type": "accounts"
                    }
                },
                "matchingRules": {
                    "body": {
                        "$.data.id": {
                            "matchers": [
                                {
                                    "match": "regex",
                                    "regex": "^[0-9 ]{0,30}$"
                                }
                            ],
                            "combine": "AND"
                        },
                        "$.data.attributes.accountStatus": {
                            "matchers": [
                                {
                                    "match": "regex",
                                    "regex": "^[a-zA-Z ]{0,99}$"
                                }
                            ],
                            "combine": "AND"
                        },
                        "$.data.attributes.startDate": {
                            "matchers": [
                                {
                                    "match": "date",
                                    "date": "2016-06-17"
                                }
                            ],
                            "combine": "AND"
                        },
                        "$.data.attributes.bpayCustomerRefNumber": {
                            "matchers": [
                                {
                                    "match": "regex",
                                    "regex": "^[0-9]{0,30}$"
                                }
                            ],
                            "combine": "AND"
                        },
                        "$.data.attributes.accountBalance.amount": {
                            "matchers": [
                                {
                                    "match": "decimal"
                                }
                            ],
                            "combine": "AND"
                        },
                        "$.data.attributes.accountBalance.currency": {
                            "matchers": [
                                {
                                    "match": "regex",
                                    "regex": "^[a-zA-Z]{0,30}$"
                                }
                            ],
                            "combine": "AND"
                        },
                        "$.data.attributes.billerCodes": {
                            "matchers": [
                                {
                                    "match": "type",
                                    "min": 5
                                }
                            ],
                            "combine": "AND"
                        },
                        "$.data.attributes.billerCodes[*].billerCode": {
                            "matchers": [
                                {
                                    "match": "type"
                                }
                            ],
                            "combine": "AND"
                        },
                        "$.data.attributes.billerCodes[*].bpayContributionType": {
                            "matchers": [
                                {
                                    "match": "type"
                                }
                            ],
                            "combine": "AND"
                        },
                        "$.data.relationships.products.data.id": {
                            "matchers": [
                                {
                                    "match": "regex",
                                    "regex": "^[0-9 ]{0,30}$"
                                }
                            ],
                            "combine": "AND"
                        },
                        "$.data.relationships.owners.data.id": {
                            "matchers": [
                                {
                                    "match": "regex",
                                    "regex": "^[0-9 ]{0,30}$"
                                }
                            ],
                            "combine": "AND"
                        }
                    }
                },
                "generators": {
                    "body": {
                        "$.data.attributes.startDate": {
                            "type": "Date",
                            "format": "2016-06-17"
                        },
                        "$.data.attributes.billerCodes[*].billerCode": {
                            "type": "RandomString",
                            "size": 20
                        },
                        "$.data.attributes.billerCodes[*].bpayContributionType": {
                            "type": "RandomString",
                            "size": 20
                        }
                    }
                }
            },
            "providerStates": [
                {
                    "name": "Test GET accounts"
                }
            ]
        }
    ],
    "metadata": {
        "pact-specification": {
            "version": "3.0.0"
        },
        "pact-jvm": {
            "version": "3.5.13"
        }
    }
}